block_key,product_id
SE,b000feygds
SE,b000exw51k
qr,b000ndibbo
Uj,b000egidpe
mI,b00007e8d4
9w,b0009dwkwo
9d,b000h294mq
Q8,b000licg1m
n3,b00004t2un
n3,b000gknmd6
n3,b000jgqt28
LY,b000nknb62
LY,b00030fsyk
Tq,b000051sgq
NU,b00002s6sc
Pv,b00013wh0w
Pv,b000h69szu
XR,b000ndib96
XR,b000ndib8m
NI,b000ozhfsq
Gb,b000ga99ry
wD,b000frs492
wD,b000ivfciq
pd,b0001d56uu
pd,b0006a5iwe
MX,b000nvkyse
LI,b000hzrlim
oU,b000f7bps4
wn,b000qeitty
wn,b000pdomn8
WJ,b000ayfpkq
WJ,b000k6b2l0
WJ,b000ffsgho
DV,b000fepvcs
DV,b000fem8ew
pP,b0001fyrq2
KS,b000fvqo0o
KS,b000067fk7
KS,b000qfrt4o
A7,b000m6wlyk
Ao,b000fcyts2
nb,b000jiojvo
nb,b000hcz8ey
Rv,b000a3x6te
Rv,b00007bguc
9V,b000fer1cq
9V,b0002ibeve
dx,b0007g9760
PT,b000ov0gao
uS,b000bb7fjw
i6,b000phd8ha
T0,b000ov404w
vP,b00022pti4
ke,b000hc0m36
ki,b000f7ixx4
ki,b0001iqnc0
CO,b000bezsyi
Ln,b00006gxbz
Ln,b000tilkpc
Jz,b000h16p9m
Jz,b000h16p9w
xk,b000gcbov6
xk,b000cqyclu
A4,b0009yegcu
MH,b000fc4du6
x5,b000j00xeo
x5,b000k7vinq
6G,b000fdetxq
17,b0001y7poo
7P,b0002x9a1u
eK,b0009i5sgy
HQ,b0007yepx2
Cy,b000nkj29c
WX,b0000dk573
au,b000i84dsy
ck,b000h20hu4
A8,b000kbszns
HO,b000v05f4k
kf,b000g80lqo
JV,b0001h9l5m
qJ,b000gpsz42
ir,b000ik414i
Zb,b000h1df7w
h2,b00094oszk
oL,b000gkshi6
qH,b000qfqa1w
pq,b000byr41s
Cj,b000fa5ens
o1,b000922deu
Xd,b000aa878m
SD,b000b85aag
nJ,b0009suw4w
OM,b000nif4im
Nd,1931102953
X9,b0008glghc
X9,b0008glgmc
rq,b000h774k0
jb,b000hbxjve
Uu,b00027eqmy
vm,b0000ycfe0
1z,b0001wn16m
BM,b0009qvgeo
AR,b000nkklwy
cF,b0006se5bq
zi,b000fzvv3u
zi,b0009yx9bo
G9,b0001wn0m2
G9,b0002oqy1i
od,b000pgvk5s
Q4,b00006sijr
Q4,b00004ochj
7x,b0002735fi
VO,b000hbxjxc
5s,b000g0lkcg
q9,b000n5meva
b5,b000bcz8ng
b5,b000hlt57q
8G,b00030cbu4
zu,b000e3fn4g
uJ,b0009jhv1s
UV,b000h13a2w
z2,b000ar96bm
54,b000lrdlia
G5,b000h5ex7e
G5,b0007wv3ei
hB,b000euhk3g
PD,b000ndibws
3N,b00004nhn7
3W,b000bgtvbc
3W,b000ivjv10
GA,b000cpshfs
qM,b0002itt84
eh,b000cszg2m
Jd,b000hlt5g2
F7,b000o8gs3g
E0,b0009hj5ve
he,b000gkpds8
dQ,b000sqnbp2
Ft,b000j588g4
hx,b00006h3dw
sI,b0009gd0km
x6,b0007yll20
zt,b00008mnxq
Jt,b0006aao96
IW,b000gamw7s
Fb,b000h22pg8
oZ,b000cditbc
GE,b0002yiuns
